Test Number,Map Size,Iteration,Ideal Path,Completion Time
1,10,1,7,0.0004169940948486328
2,10,2,4,0.0007181167602539062
3,10,3,5,0.0017788410186767578
4,10,4,5,0.00043702125549316406
5,10,5,7,0.00037789344787597656
6,10,6,4,0.0005400180816650391
7,10,7,4,0.0003948211669921875
8,10,8,4,0.0005550384521484375
9,10,9,6,0.00055694580078125
10,10,10,3,0.0006568431854248047
11,10,11,6,0.001477956771850586
12,10,12,5,0.0003750324249267578
13,10,13,5,0.0009438991546630859
14,10,14,5,0.0009629726409912109
15,10,15,9,0.0003848075866699219
16,10,16,4,0.00027298927307128906
17,10,17,4,0.0008358955383300781
18,10,18,5,0.000988006591796875
19,10,19,4,0.0007319450378417969
20,10,20,3,0.00018787384033203125
21,10,21,5,0.000370025634765625
22,10,22,6,0.0003380775451660156
23,10,23,7,0.0003399848937988281
24,10,24,5,0.0005271434783935547
25,10,25,7,0.0007989406585693359
26,10,26,6,0.00031304359436035156
27,10,27,4,0.00030684471130371094
28,10,28,6,0.0004181861877441406
29,10,29,2,0.0007369518280029297
30,10,30,10,0.00041413307189941406
31,10,31,5,0.0011568069458007812
32,10,32,4,0.0011408329010009766
33,10,33,6,0.0006520748138427734
34,10,34,4,0.0005118846893310547
35,10,35,5,0.0007719993591308594
36,10,36,4,0.00037789344787597656
37,10,37,2,0.0004131793975830078
38,10,38,11,0.0005059242248535156
39,10,39,6,0.0011560916900634766
40,10,40,5,0.0004820823669433594
41,10,41,2,0.00028014183044433594
42,10,42,3,0.00043702125549316406
43,10,43,3,0.0006659030914306641
44,10,44,4,0.0003330707550048828
45,10,45,5,0.0002551078796386719
46,10,46,3,0.0005230903625488281
47,10,47,4,0.00022482872009277344
48,10,48,6,0.0007269382476806641
49,10,49,5,0.00037479400634765625
50,10,50,3,0.00046515464782714844
51,10,51,3,0.0001800060272216797
52,10,52,8,0.0008831024169921875
53,10,53,3,0.00025200843811035156
54,10,54,2,0.0005309581756591797
55,10,55,5,0.0004448890686035156
56,10,56,9,0.0003809928894042969
57,10,57,5,0.00035500526428222656
58,10,58,6,0.0002541542053222656
59,10,59,3,0.0002951622009277344
60,10,60,3,0.0004329681396484375
61,10,61,7,0.0007388591766357422
62,10,62,3,0.0009307861328125
63,10,63,5,0.00030517578125
64,10,64,5,0.0009338855743408203
65,10,65,4,0.00047779083251953125
66,10,66,7,0.0007431507110595703
67,10,67,6,0.0003521442413330078
68,10,68,8,0.0005550384521484375
69,10,69,6,0.0003371238708496094
70,10,70,6,0.0007579326629638672
71,10,71,4,0.00026702880859375
72,10,72,4,0.00043201446533203125
73,10,73,5,0.000308990478515625
74,10,74,6,0.0003859996795654297
75,10,75,3,0.0001990795135498047
76,10,76,6,0.0008339881896972656
77,10,77,2,0.0004189014434814453
78,10,78,5,0.0004470348358154297
79,10,79,3,0.0006318092346191406
80,10,80,4,0.0002570152282714844
81,10,81,6,0.0003409385681152344
82,10,82,4,0.0006120204925537109
83,10,83,5,0.0005009174346923828
84,10,84,7,0.001238107681274414
85,10,85,6,0.0005550384521484375
86,10,86,5,0.0009219646453857422
87,10,87,2,0.0003170967102050781
88,10,88,3,0.0008051395416259766
89,10,89,7,0.00040602684020996094
90,10,90,6,0.0006020069122314453
91,10,91,5,0.0002720355987548828
92,10,92,6,0.0004341602325439453
93,10,93,2,0.00027108192443847656
94,10,94,6,0.0003077983856201172
95,10,95,5,0.0007810592651367188
96,10,96,4,0.00023889541625976562
97,10,97,5,0.0005939006805419922
98,10,98,2,0.0008311271667480469
99,10,99,7,0.0007338523864746094
100,10,100,2,0.0003209114074707031
101,10,101,3,0.0007262229919433594
102,10,102,4,0.0005331039428710938
103,10,103,7,0.0003948211669921875
104,10,104,6,0.0009338855743408203
105,10,105,6,0.0002758502960205078
106,10,106,5,0.0007770061492919922
107,10,107,5,0.00032591819763183594
108,10,108,3,0.0001881122589111328
109,10,109,8,0.000823974609375
110,10,110,5,0.0008459091186523438
111,10,111,4,0.0006589889526367188
112,10,112,7,0.0004000663757324219
113,10,113,7,0.0003268718719482422
114,10,114,7,0.0002789497375488281
115,10,115,7,0.0005381107330322266
116,10,116,6,0.0005309581756591797
117,10,117,4,0.0007791519165039062
118,10,118,2,0.0002999305725097656
119,10,119,3,0.0007839202880859375
120,10,120,7,0.00032520294189453125
121,10,121,3,0.0005600452423095703
122,10,122,5,0.0010170936584472656
123,10,123,8,0.001004934310913086
124,10,124,4,0.00028705596923828125
125,10,125,3,0.0006849765777587891
126,10,126,4,0.0002689361572265625
127,10,127,6,0.00027489662170410156
128,10,128,2,0.0006668567657470703
129,10,129,7,0.0006539821624755859
130,10,130,7,0.0006670951843261719
131,10,131,7,0.0007429122924804688
132,10,132,4,0.0006079673767089844
133,10,133,2,0.0002639293670654297
134,10,134,8,0.0009660720825195312
135,10,135,3,0.0005159378051757812
136,10,136,4,0.00037789344787597656
137,10,137,8,0.0005669593811035156
138,10,138,5,0.0006279945373535156
139,10,139,3,0.00045108795166015625
140,10,140,6,0.00031304359436035156
141,10,141,4,0.00023698806762695312
142,10,142,5,0.00041985511779785156
143,10,143,4,0.00038814544677734375
144,10,144,4,0.0003559589385986328
145,10,145,9,0.0008761882781982422
146,10,146,2,0.0009400844573974609
147,10,147,8,0.0003199577331542969
148,10,148,5,0.0004398822784423828
149,10,149,4,0.0005648136138916016
150,10,150,6,0.0004520416259765625
151,10,151,3,0.0002899169921875
152,10,152,7,0.0005939006805419922
153,10,153,3,0.00024390220642089844
154,10,154,6,0.0006439685821533203
155,10,155,5,0.0009829998016357422
156,10,156,5,0.0005919933319091797
157,10,157,6,0.0004940032958984375
158,10,158,5,0.0006148815155029297
159,10,159,6,0.0003762245178222656
160,10,160,4,0.0006570816040039062
161,10,161,5,0.0013849735260009766
162,10,162,2,0.0007560253143310547
163,10,163,4,0.00057220458984375
164,10,164,3,0.0003910064697265625
165,10,165,4,0.0011050701141357422
166,10,166,5,0.0003421306610107422
167,10,167,3,0.00032901763916015625
168,10,168,7,0.00045299530029296875
169,10,169,9,0.0008988380432128906
170,10,170,3,0.00030994415283203125
171,10,171,2,0.0005860328674316406
172,10,172,7,0.0003230571746826172
173,10,173,2,0.0002200603485107422
174,10,174,2,0.0001678466796875
175,10,175,5,0.0004189014434814453
176,10,176,4,0.0003581047058105469
177,10,177,4,0.0007181167602539062
178,10,178,7,0.0005979537963867188
179,10,179,6,0.000659942626953125
180,10,180,4,0.0004181861877441406
181,10,181,2,0.0001800060272216797
182,10,182,3,0.0002880096435546875
183,10,183,4,0.00036787986755371094
184,10,184,5,0.0010600090026855469
185,10,185,5,0.0004999637603759766
186,10,186,9,0.0003960132598876953
187,10,187,8,0.0013298988342285156
188,10,188,4,0.0002079010009765625
189,10,189,5,0.00039696693420410156
190,10,190,7,0.0010879039764404297
191,10,191,3,0.0005090236663818359
192,10,192,2,0.0002999305725097656
193,10,193,7,0.0007851123809814453
194,10,194,5,0.0004038810729980469
195,10,195,4,0.0004429817199707031
196,10,196,6,0.0007607936859130859
197,10,197,6,0.0005340576171875
198,10,198,4,0.00039505958557128906
199,10,199,7,0.0003199577331542969
200,10,200,8,0.0008630752563476562
201,10,201,2,0.00044608116149902344
202,10,202,5,0.0008690357208251953
203,10,203,6,0.0004990100860595703
204,10,204,6,0.0004899501800537109
205,10,205,6,0.00026702880859375
206,10,206,5,0.0010309219360351562
207,10,207,4,0.0008599758148193359
208,10,208,5,0.0004971027374267578
209,10,209,5,0.0003249645233154297
210,10,210,7,0.0007579326629638672
211,10,211,5,0.0005960464477539062
212,10,212,6,0.0012118816375732422
213,10,213,3,0.00030684471130371094
214,10,214,6,0.0007150173187255859
215,10,215,6,0.00029206275939941406
216,10,216,5,0.0003910064697265625
217,10,217,7,0.0007169246673583984
218,10,218,3,0.00044608116149902344
219,10,219,5,0.00028395652770996094
220,10,220,5,0.0002391338348388672
221,10,221,5,0.0006239414215087891
222,10,222,6,0.0006148815155029297
223,10,223,2,0.00032019615173339844
224,10,224,4,0.0006070137023925781
225,10,225,10,0.0010001659393310547
226,10,226,4,0.0004229545593261719
227,10,227,3,0.0003190040588378906
228,10,228,6,0.00027489662170410156
229,10,229,6,0.0009570121765136719
230,10,230,5,0.00045490264892578125
231,10,231,2,0.00024580955505371094
232,10,232,7,0.0005230903625488281
233,10,233,2,0.0007269382476806641
234,10,234,5,0.0002460479736328125
235,10,235,6,0.0002818107604980469
236,10,236,6,0.0004029273986816406
237,10,237,6,0.0005321502685546875
238,10,238,6,0.001013040542602539
239,10,239,6,0.0004589557647705078
240,10,240,8,0.001199960708618164
241,10,241,5,0.0008251667022705078
242,10,242,4,0.0003650188446044922
243,10,243,3,0.0008208751678466797
244,10,244,2,0.0005509853363037109
245,10,245,9,0.001196146011352539
246,10,246,5,0.0006570816040039062
247,10,247,3,0.00030517578125
248,10,248,4,0.00046706199645996094
249,10,249,3,0.000782012939453125
250,10,250,5,0.00025391578674316406
251,10,251,2,0.001107931137084961
252,10,252,7,0.0010349750518798828
253,10,253,6,0.00042891502380371094
254,10,254,3,0.0005130767822265625
255,10,255,3,0.0002510547637939453
256,10,256,2,0.0002589225769042969
257,10,257,2,0.0003840923309326172
258,10,258,7,0.0003180503845214844
259,10,259,5,0.0004980564117431641
260,10,260,5,0.0005009174346923828
261,10,261,4,0.0004608631134033203
262,10,262,5,0.0005309581756591797
263,10,263,6,0.0004401206970214844
264,10,264,5,0.0006220340728759766
265,10,265,7,0.00033783912658691406
266,10,266,7,0.0004010200500488281
267,10,267,6,0.0010809898376464844
268,10,268,7,0.0005002021789550781
269,10,269,5,0.0007841587066650391
270,10,270,5,0.0005359649658203125
271,10,271,8,0.0004470348358154297
272,10,272,5,0.0007851123809814453
273,10,273,4,0.0006468296051025391
274,10,274,3,0.0002651214599609375
275,10,275,8,0.0005309581756591797
276,10,276,9,0.0010769367218017578
277,10,277,5,0.0008587837219238281
278,10,278,2,0.0005078315734863281
279,10,279,4,0.0009160041809082031
280,10,280,5,0.0009319782257080078
281,10,281,2,0.0003650188446044922
282,10,282,2,0.0010068416595458984
283,10,283,7,0.0009310245513916016
284,10,284,3,0.0002300739288330078
285,10,285,2,0.00044989585876464844
286,10,286,2,0.0003230571746826172
287,10,287,9,0.0010249614715576172
288,10,288,4,0.000225067138671875
289,10,289,3,0.0008969306945800781
290,10,290,5,0.00036597251892089844
291,10,291,4,0.0005619525909423828
292,10,292,8,0.0009031295776367188
293,10,293,9,0.0004189014434814453
294,10,294,6,0.0012538433074951172
295,10,295,3,0.0004341602325439453
296,10,296,3,0.0005030632019042969
297,10,297,7,0.00030612945556640625
298,10,298,5,0.0006239414215087891
299,10,299,2,0.0005640983581542969
300,10,300,5,0.0004661083221435547
301,10,301,3,0.0008449554443359375
302,10,302,3,0.000244140625
303,10,303,7,0.0003991127014160156
304,10,304,4,0.0005288124084472656
305,10,305,5,0.0004642009735107422
306,10,306,5,0.0004730224609375
307,10,307,6,0.0005648136138916016
308,10,308,2,0.00027298927307128906
309,10,309,4,0.0006470680236816406
310,10,310,4,0.0002269744873046875
311,10,311,3,0.0004189014434814453
312,10,312,6,0.0007038116455078125
313,10,313,3,0.00034809112548828125
314,10,314,6,0.0002911090850830078
315,10,315,3,0.0003669261932373047
316,10,316,2,0.00028896331787109375
317,10,317,7,0.0007688999176025391
318,10,318,3,0.0002110004425048828
319,10,319,4,0.00047588348388671875
320,10,320,10,0.0004520416259765625
321,10,321,5,0.0002930164337158203
322,10,322,7,0.0003590583801269531
323,10,323,7,0.0008130073547363281
324,10,324,10,0.0004241466522216797
325,10,325,4,0.0004570484161376953
326,10,326,4,0.0006299018859863281
327,10,327,2,0.00043010711669921875
328,10,328,4,0.0010139942169189453
329,10,329,5,0.0007541179656982422
330,10,330,8,0.0003380775451660156
331,10,331,2,0.0005500316619873047
332,10,332,8,0.0005660057067871094
333,10,333,3,0.0002129077911376953
334,10,334,4,0.0014500617980957031
335,10,335,8,0.0014541149139404297
336,10,336,9,0.0003628730773925781
337,10,337,4,0.00024580955505371094
338,10,338,7,0.0004940032958984375
339,10,339,6,0.0007569789886474609
340,10,340,11,0.0006310939788818359
341,10,341,8,0.0008587837219238281
342,10,342,8,0.0004470348358154297
343,10,343,4,0.0011429786682128906
344,10,344,5,0.0011181831359863281
345,10,345,4,0.0004470348358154297
346,10,346,4,0.0004038810729980469
347,10,347,2,0.0009319782257080078
348,10,348,4,0.0005819797515869141
349,10,349,8,0.0004439353942871094
350,10,350,3,0.0002949237823486328
351,10,351,2,0.0002980232238769531
352,10,352,4,0.0006458759307861328
353,10,353,6,0.0007069110870361328
354,10,354,4,0.0004329681396484375
355,10,355,3,0.0004000663757324219
356,10,356,8,0.0003859996795654297
357,10,357,6,0.0003218650817871094
358,10,358,4,0.0007541179656982422
359,10,359,3,0.0005011558532714844
360,10,360,3,0.0003070831298828125
361,10,361,3,0.0002980232238769531
362,10,362,4,0.0009949207305908203
363,10,363,6,0.0002989768981933594
364,10,364,5,0.0004999637603759766
365,10,365,7,0.0003650188446044922
366,10,366,2,0.0003581047058105469
367,10,367,7,0.0003190040588378906
368,10,368,4,0.0006349086761474609
369,10,369,2,0.0005440711975097656
370,10,370,5,0.0008819103240966797
371,10,371,4,0.0002918243408203125
372,10,372,4,0.0003159046173095703
373,10,373,7,0.0008120536804199219
374,10,374,5,0.0002620220184326172
375,10,375,2,0.00031304359436035156
376,10,376,8,0.0006339550018310547
377,10,377,4,0.000392913818359375
378,10,378,7,0.00039005279541015625
379,10,379,2,0.0005068778991699219
380,10,380,3,0.0005021095275878906
381,10,381,2,0.0006940364837646484
382,10,382,6,0.00035190582275390625
383,10,383,4,0.0005018711090087891
384,10,384,4,0.000370025634765625
385,10,385,4,0.0009660720825195312
386,10,386,4,0.0006070137023925781
387,10,387,8,0.0003559589385986328
388,10,388,8,0.0009739398956298828
389,10,389,6,0.000993967056274414
390,10,390,4,0.0006339550018310547
391,10,391,3,0.0004410743713378906
392,10,392,4,0.0003871917724609375
393,10,393,2,0.0006492137908935547
394,10,394,4,0.000308990478515625
395,10,395,6,0.00032901763916015625
396,10,396,6,0.0010030269622802734
397,10,397,3,0.0007910728454589844
398,10,398,5,0.0002779960632324219
399,10,399,4,0.0002560615539550781
400,10,400,6,0.0009479522705078125
401,10,401,2,0.000164031982421875
402,10,402,5,0.0008459091186523438
403,10,403,3,0.0002079010009765625
404,10,404,5,0.0007128715515136719
405,10,405,4,0.0003199577331542969
406,10,406,3,0.0005328655242919922
407,10,407,3,0.00037598609924316406
408,10,408,3,0.0004570484161376953
409,10,409,3,0.0008490085601806641
410,10,410,9,0.0006849765777587891
411,10,411,2,0.00021696090698242188
412,10,412,5,0.0006580352783203125
413,10,413,6,0.0006289482116699219
414,10,414,2,0.000244140625
415,10,415,4,0.0004401206970214844
416,10,416,4,0.0003948211669921875
417,10,417,4,0.0010411739349365234
418,10,418,9,0.0010361671447753906
419,10,419,6,0.00028896331787109375
420,10,420,4,0.00040793418884277344
421,10,421,6,0.0005190372467041016
422,10,422,4,0.0004038810729980469
423,10,423,7,0.0007541179656982422
424,10,424,3,0.00037789344787597656
425,10,425,5,0.00047397613525390625
426,10,426,6,0.0006949901580810547
427,10,427,3,0.00047516822814941406
428,10,428,6,0.0003712177276611328
429,10,429,7,0.0004899501800537109
430,10,430,4,0.0007379055023193359
431,10,431,3,0.0004820823669433594
432,10,432,4,0.0005831718444824219
433,10,433,2,0.00031304359436035156
434,10,434,3,0.000431060791015625
435,10,435,6,0.0003960132598876953
436,10,436,5,0.0006718635559082031
437,10,437,3,0.0004642009735107422
438,10,438,4,0.0002498626708984375
439,10,439,6,0.0012052059173583984
440,10,440,2,0.0005669593811035156
441,10,441,10,0.0003819465637207031
442,10,442,2,0.00028896331787109375
443,10,443,7,0.0003390312194824219
444,10,444,2,0.0006918907165527344
445,10,445,5,0.00041103363037109375
446,10,446,3,0.00019502639770507812
447,10,447,3,0.00045299530029296875
448,10,448,5,0.0002810955047607422
449,10,449,3,0.0008509159088134766
450,10,450,7,0.0004820823669433594
451,10,451,3,0.0007929801940917969
452,10,452,2,0.0002808570861816406
453,10,453,5,0.0004680156707763672
454,10,454,2,0.0008609294891357422
455,10,455,2,0.0007879734039306641
456,10,456,4,0.0009188652038574219
457,10,457,9,0.0011820793151855469
458,10,458,2,0.0004239082336425781
459,10,459,6,0.0003228187561035156
460,10,460,4,0.00044417381286621094
461,10,461,3,0.0002541542053222656
462,10,462,8,0.0003540515899658203
463,10,463,5,0.0002460479736328125
464,10,464,6,0.0006568431854248047
465,10,465,9,0.0003719329833984375
466,10,466,5,0.0006170272827148438
467,10,467,9,0.0004889965057373047
468,10,468,5,0.0003349781036376953
469,10,469,4,0.0002460479736328125
470,10,470,6,0.0006239414215087891
471,10,471,7,0.0008289813995361328
472,10,472,4,0.000331878662109375
473,10,473,5,0.00043487548828125
474,10,474,7,0.0004642009735107422
475,10,475,2,0.0001728534698486328
476,10,476,5,0.0011780261993408203
477,10,477,3,0.0012640953063964844
478,10,478,7,0.0004570484161376953
479,10,479,4,0.0003349781036376953
480,10,480,6,0.0006902217864990234
481,10,481,3,0.0008540153503417969
482,10,482,7,0.0003459453582763672
483,10,483,9,0.0007078647613525391
484,10,484,4,0.0004379749298095703
485,10,485,8,0.0007891654968261719
486,10,486,7,0.0004990100860595703
487,10,487,4,0.0003559589385986328
488,10,488,7,0.00029397010803222656
489,10,489,10,0.0007982254028320312
490,10,490,4,0.0008451938629150391
491,10,491,3,0.0009071826934814453
492,10,492,4,0.00035500526428222656
493,10,493,4,0.00026297569274902344
494,10,494,9,0.0005040168762207031
495,10,495,2,0.00038886070251464844
496,10,496,5,0.00024390220642089844
497,10,497,4,0.0003139972686767578
498,10,498,4,0.000247955322265625
499,10,499,5,0.00027108192443847656
500,10,500,3,0.00031495094299316406
501,11,1,5,0.0006439685821533203
502,11,2,4,0.00046515464782714844
503,11,3,2,0.00030684471130371094
504,11,4,8,0.0004010200500488281
505,11,5,6,0.0002880096435546875
506,11,6,6,0.0006151199340820312
507,11,7,5,0.0009407997131347656
508,11,8,2,0.0006079673767089844
509,11,9,2,0.0006542205810546875
510,11,10,7,0.0007970333099365234
511,11,11,5,0.0011649131774902344
512,11,12,7,0.00067901611328125
513,11,13,6,0.0005700588226318359
514,11,14,6,0.0003600120544433594
515,11,15,4,0.0009768009185791016
516,11,16,5,0.0002410411834716797
517,11,17,4,0.0009419918060302734
518,11,18,5,0.0003859996795654297
519,11,19,8,0.0005331039428710938
520,11,20,5,0.0003058910369873047
521,11,21,10,0.0007569789886474609
522,11,22,6,0.0002491474151611328
523,11,23,8,0.0003991127014160156
524,11,24,3,0.0011060237884521484
525,11,25,5,0.0003521442413330078
526,11,26,3,0.0002219676971435547
527,11,27,7,0.0009419918060302734
528,11,28,5,0.0009028911590576172
529,11,29,5,0.0006389617919921875
530,11,30,3,0.0004520416259765625
531,11,31,4,0.0005490779876708984
532,11,32,10,0.0008568763732910156
533,11,33,7,0.0005140304565429688
534,11,34,3,0.0004858970642089844
535,11,35,7,0.0003330707550048828
536,11,36,3,0.00020194053649902344
537,11,37,6,0.001313924789428711
538,11,38,6,0.0005600452423095703
539,11,39,7,0.0013799667358398438
540,11,40,3,0.0007319450378417969
541,11,41,4,0.0007901191711425781
542,11,42,4,0.00048804283142089844
543,11,43,3,0.0007348060607910156
544,11,44,9,0.0005350112915039062
545,11,45,8,0.0009579658508300781
546,11,46,6,0.0004279613494873047
547,11,47,2,0.00018286705017089844
548,11,48,5,0.0005671977996826172
549,11,49,8,0.0009520053863525391
550,11,50,4,0.0002989768981933594
551,11,51,6,0.0010139942169189453
552,11,52,6,0.0007140636444091797
553,11,53,3,0.0005660057067871094
554,11,54,6,0.001058816909790039
555,11,55,7,0.0008730888366699219
556,11,56,3,0.0002288818359375
557,11,57,4,0.0004570484161376953
558,11,58,3,0.0007030963897705078
559,11,59,3,0.0009348392486572266
560,11,60,2,0.00018095970153808594
561,11,61,8,0.0004360675811767578
562,11,62,3,0.0004661083221435547
563,11,63,9,0.0012478828430175781
564,11,64,5,0.0002930164337158203
565,11,65,7,0.0008280277252197266
566,11,66,3,0.0010540485382080078
567,11,67,2,0.0012011528015136719
568,11,68,8,0.0003788471221923828
569,11,69,6,0.0003628730773925781
570,11,70,6,0.0011429786682128906
571,11,71,5,0.0003070831298828125
572,11,72,5,0.0005741119384765625
573,11,73,10,0.0010688304901123047
574,11,74,6,0.0008609294891357422
575,11,75,7,0.00034689903259277344
576,11,76,4,0.0012981891632080078
577,11,77,5,0.000347137451171875
578,11,78,9,0.0007410049438476562
579,11,79,4,0.0008809566497802734
580,11,80,9,0.0004677772521972656
581,11,81,5,0.0009670257568359375
582,11,82,4,0.0015079975128173828
583,11,83,6,0.0003809928894042969
584,11,84,6,0.0005519390106201172
585,11,85,6,0.0005891323089599609
586,11,86,2,0.00016307830810546875
587,11,87,7,0.0013430118560791016
588,11,88,5,0.0009660720825195312
589,11,89,7,0.0012481212615966797
590,11,90,7,0.00033283233642578125
591,11,91,5,0.0005800724029541016
592,11,92,3,0.0006518363952636719
593,11,93,2,0.00038695335388183594
594,11,94,7,0.0012362003326416016
595,11,95,2,0.0004589557647705078
596,11,96,6,0.0004019737243652344
597,11,97,6,0.0007379055023193359
598,11,98,4,0.0005161762237548828
599,11,99,10,0.00045108795166015625
600,11,100,4,0.00031495094299316406
601,11,101,5,0.00024008750915527344
602,11,102,7,0.0005159378051757812
603,11,103,2,0.0004019737243652344
604,11,104,5,0.000759124755859375
605,11,105,5,0.00027108192443847656
606,11,106,9,0.001477956771850586
607,11,107,6,0.001207113265991211
608,11,108,3,0.0004100799560546875
609,11,109,2,0.0006380081176757812
610,11,110,3,0.0008540153503417969
611,11,111,9,0.001180887222290039
612,11,112,11,0.0004868507385253906
613,11,113,7,0.0006248950958251953
614,11,114,4,0.0013298988342285156
615,11,115,7,0.0013148784637451172
616,11,116,3,0.0005471706390380859
617,11,117,5,0.0003631114959716797
618,11,118,3,0.00046181678771972656
619,11,119,4,0.0008380413055419922
620,11,120,9,0.00045299530029296875
621,11,121,7,0.0004968643188476562
622,11,122,7,0.0005931854248046875
623,11,123,5,0.0014500617980957031
624,11,124,6,0.00034308433532714844
625,11,125,3,0.0006558895111083984
626,11,126,5,0.0006279945373535156
627,11,127,5,0.0006771087646484375
628,11,128,7,0.0013768672943115234
629,11,129,5,0.001413106918334961
630,11,130,9,0.0015490055084228516
631,11,131,10,0.001505136489868164
632,11,132,4,0.0006451606750488281
633,11,133,7,0.0013880729675292969
634,11,134,3,0.00046706199645996094
635,11,135,4,0.00048613548278808594
636,11,136,6,0.0012710094451904297
637,11,137,6,0.0010619163513183594
638,11,138,7,0.0010619163513183594
639,11,139,4,0.00036716461181640625
640,11,140,6,0.001013040542602539
641,11,141,5,0.00023818016052246094
642,11,142,9,0.0006039142608642578
643,11,143,8,0.0009870529174804688
644,11,144,3,0.0006709098815917969
645,11,145,7,0.0003590583801269531
646,11,146,6,0.00034308433532714844
647,11,147,7,0.0003859996795654297
648,11,148,4,0.0005919933319091797
649,11,149,4,0.0010709762573242188
650,11,150,3,0.0001862049102783203
651,11,151,5,0.0002770423889160156
652,11,152,9,0.00037789344787597656
653,11,153,2,0.0012018680572509766
654,11,154,8,0.0006871223449707031
655,11,155,4,0.00023603439331054688
656,11,156,6,0.0006949901580810547
657,11,157,5,0.0009548664093017578
658,11,158,3,0.000209808349609375
659,11,159,9,0.0007050037384033203
660,11,160,6,0.00030994415283203125
661,11,161,3,0.00023603439331054688
662,11,162,6,0.001049041748046875
663,11,163,4,0.0006620883941650391
664,11,164,5,0.0007109642028808594
665,11,165,3,0.0005118846893310547
666,11,166,8,0.0006151199340820312
667,11,167,5,0.0015590190887451172
668,11,168,4,0.0007178783416748047
669,11,169,5,0.0008509159088134766
670,11,170,3,0.0004520416259765625
671,11,171,2,0.0003178119659423828
672,11,172,8,0.0011010169982910156
673,11,173,7,0.0005500316619873047
674,11,174,4,0.0006270408630371094
675,11,175,8,0.0010929107666015625
676,11,176,4,0.0012722015380859375
677,11,177,3,0.001619100570678711
678,11,178,2,0.0004451274871826172
679,11,179,3,0.00022602081298828125
680,11,180,2,0.0011980533599853516
681,11,181,9,0.0004069805145263672
682,11,182,7,0.0016319751739501953
683,11,183,4,0.0007300376892089844
684,11,184,6,0.0005090236663818359
685,11,185,11,0.0013000965118408203
686,11,186,10,0.0017881393432617188
687,11,187,5,0.0002779960632324219
688,11,188,7,0.00029087066650390625
689,11,189,5,0.0007178783416748047
690,11,190,6,0.0007169246673583984
691,11,191,6,0.0006561279296875
692,11,192,7,0.00046706199645996094
693,11,193,4,0.0003590583801269531
694,11,194,9,0.0005481243133544922
695,11,195,5,0.0005540847778320312
696,11,196,9,0.0011010169982910156
697,11,197,6,0.0007569789886474609
698,11,198,11,0.0005381107330322266
699,11,199,6,0.0004849433898925781
700,11,200,5,0.00028896331787109375
701,11,201,3,0.0005838871002197266
702,11,202,4,0.0007109642028808594
703,11,203,4,0.000247955322265625
704,11,204,6,0.0010561943054199219
705,11,205,4,0.0013439655303955078
706,11,206,7,0.0008940696716308594
707,11,207,6,0.0005810260772705078
708,11,208,2,0.0002720355987548828
709,11,209,7,0.0003581047058105469
710,11,210,5,0.00040602684020996094
711,11,211,3,0.0002429485321044922
712,11,212,7,0.00036716461181640625
713,11,213,5,0.0010399818420410156
714,11,214,8,0.0012860298156738281
715,11,215,5,0.0015478134155273438
716,11,216,2,0.0010631084442138672
717,11,217,3,0.00024700164794921875
718,11,218,9,0.001127004623413086
719,11,219,9,0.000885009765625
720,11,220,4,0.0008947849273681641
721,11,221,8,0.0006320476531982422
722,11,222,6,0.0014140605926513672
723,11,223,3,0.0007238388061523438
724,11,224,7,0.00031113624572753906
725,11,225,7,0.0006020069122314453
726,11,226,2,0.00035500526428222656
727,11,227,3,0.0004830360412597656
728,11,228,5,0.0012660026550292969
729,11,229,9,0.0015048980712890625
730,11,230,6,0.0002911090850830078
731,11,231,5,0.0006489753723144531
732,11,232,6,0.0010271072387695312
733,11,233,3,0.0011529922485351562
734,11,234,6,0.00047206878662109375
735,11,235,5,0.0009200572967529297
736,11,236,6,0.0009391307830810547
737,11,237,3,0.0007529258728027344
738,11,238,11,0.0004961490631103516
739,11,239,6,0.0013091564178466797
740,11,240,2,0.0007851123809814453
741,11,241,7,0.000698089599609375
742,11,242,6,0.0008962154388427734
743,11,243,5,0.0008389949798583984
744,11,244,3,0.00023794174194335938
745,11,245,7,0.0017969608306884766
746,11,246,5,0.0003859996795654297
747,11,247,6,0.0002980232238769531
748,11,248,10,0.0006830692291259766
749,11,249,4,0.0016109943389892578
750,11,250,4,0.0013470649719238281
751,11,251,3,0.0005278587341308594
752,11,252,8,0.0015139579772949219
753,11,253,10,0.0004570484161376953
754,11,254,6,0.0006167888641357422
755,11,255,4,0.0007970333099365234
756,11,256,10,0.0015208721160888672
757,11,257,8,0.0013070106506347656
758,11,258,3,0.0004980564117431641
759,11,259,3,0.0002651214599609375
760,11,260,5,0.0006508827209472656
761,11,261,8,0.0004570484161376953
762,11,262,5,0.0009720325469970703
763,11,263,3,0.00022101402282714844
764,11,264,6,0.00028896331787109375
765,11,265,8,0.0010478496551513672
766,11,266,3,0.00019407272338867188
767,11,267,4,0.0006251335144042969
768,11,268,5,0.0007829666137695312
769,11,269,5,0.0009529590606689453
770,11,270,6,0.0008869171142578125
771,11,271,7,0.000885009765625
772,11,272,6,0.0006039142608642578
773,11,273,9,0.0012099742889404297
774,11,274,6,0.00030303001403808594
775,11,275,11,0.0017480850219726562
776,11,276,10,0.0009720325469970703
777,11,277,4,0.0007541179656982422
778,11,278,4,0.0008611679077148438
779,11,279,4,0.00028896331787109375
780,11,280,3,0.00025010108947753906
781,11,281,2,0.00030112266540527344
782,11,282,4,0.0009419918060302734
783,11,283,7,0.0006039142608642578
784,11,284,9,0.0004620552062988281
785,11,285,2,0.0005979537963867188
786,11,286,3,0.0005660057067871094
787,11,287,2,0.000431060791015625
788,11,288,6,0.0008990764617919922
789,11,289,2,0.0005230903625488281
790,11,290,10,0.0006270408630371094
791,11,291,7,0.0012099742889404297
792,11,292,11,0.0009160041809082031
793,11,293,7,0.0013458728790283203
794,11,294,6,0.0002808570861816406
795,11,295,11,0.0012581348419189453
796,11,296,7,0.0003910064697265625
797,11,297,7,0.0004668235778808594
798,11,298,3,0.0006270408630371094
799,11,299,11,0.0016579627990722656
800,11,300,3,0.0003390312194824219
801,11,301,3,0.0010809898376464844
802,11,302,3,0.0003960132598876953
803,11,303,6,0.00026416778564453125
804,11,304,4,0.0002951622009277344
805,11,305,2,0.00086212158203125
806,11,306,9,0.0012450218200683594
807,11,307,4,0.00038504600524902344
808,11,308,2,0.000370025634765625
809,11,309,4,0.000225067138671875
810,11,310,6,0.0011200904846191406
811,11,311,3,0.0002999305725097656
812,11,312,10,0.00043582916259765625
813,11,313,3,0.0006880760192871094
814,11,314,3,0.00043082237243652344
815,11,315,6,0.0007312297821044922
816,11,316,5,0.0007429122924804688
817,11,317,4,0.00047087669372558594
818,11,318,3,0.000843048095703125
819,11,319,8,0.001216888427734375
820,11,320,6,0.0015139579772949219
821,11,321,6,0.0006070137023925781
822,11,322,6,0.0005807876586914062
823,11,323,4,0.0003998279571533203
824,11,324,11,0.0004780292510986328
825,11,325,5,0.0003809928894042969
826,11,326,6,0.0012638568878173828
827,11,327,9,0.00047278404235839844
828,11,328,2,0.0007891654968261719
829,11,329,11,0.0009050369262695312
830,11,330,8,0.0009360313415527344
831,11,331,11,0.0004830360412597656
832,11,332,7,0.0008220672607421875
833,11,333,7,0.0004680156707763672
834,11,334,4,0.00035190582275390625
835,11,335,9,0.0004980564117431641
836,11,336,4,0.0012199878692626953
837,11,337,2,0.0008800029754638672
838,11,338,4,0.0007529258728027344
839,11,339,9,0.0009429454803466797
840,11,340,9,0.0012319087982177734
841,11,341,7,0.0013079643249511719
842,11,342,6,0.0005979537963867188
843,11,343,7,0.00030493736267089844
844,11,344,6,0.0008649826049804688
845,11,345,8,0.000598907470703125
846,11,346,6,0.000988006591796875
847,11,347,3,0.0003571510314941406
848,11,348,8,0.0005729198455810547
849,11,349,10,0.00045800209045410156
850,11,350,8,0.0008699893951416016
851,11,351,4,0.0005648136138916016
852,11,352,9,0.00109100341796875
853,11,353,7,0.000659942626953125
854,11,354,8,0.00033402442932128906
855,11,355,6,0.0002930164337158203
856,11,356,5,0.0007710456848144531
857,11,357,6,0.0003020763397216797
858,11,358,6,0.0010941028594970703
859,11,359,6,0.0012710094451904297
860,11,360,7,0.0009539127349853516
861,11,361,2,0.0009419918060302734
862,11,362,2,0.0007469654083251953
863,11,363,4,0.0005958080291748047
864,11,364,4,0.0012362003326416016
865,11,365,4,0.0008120536804199219
866,11,366,3,0.00039196014404296875
867,11,367,5,0.0006229877471923828
868,11,368,10,0.0017910003662109375
869,11,369,4,0.00022912025451660156
870,11,370,5,0.0011069774627685547
871,11,371,3,0.0002009868621826172
872,11,372,2,0.0009808540344238281
873,11,373,7,0.0010750293731689453
874,11,374,6,0.0004940032958984375
875,11,375,10,0.000476837158203125
876,11,376,5,0.0006129741668701172
877,11,377,7,0.0007779598236083984
878,11,378,5,0.0011188983917236328
879,11,379,7,0.00045800209045410156
880,11,380,3,0.0006220340728759766
881,11,381,8,0.0011150836944580078
882,11,382,5,0.0007989406585693359
883,11,383,4,0.0006170272827148438
884,11,384,6,0.0010559558868408203
885,11,385,2,0.0005209445953369141
886,11,386,10,0.0017819404602050781
887,11,387,8,0.00037407875061035156
888,11,388,5,0.00038886070251464844
889,11,389,7,0.001316070556640625
890,11,390,7,0.0017359256744384766
891,11,391,3,0.0002200603485107422
892,11,392,4,0.0009329319000244141
893,11,393,4,0.00030303001403808594
894,11,394,5,0.0006780624389648438
895,11,395,5,0.0004398822784423828
896,11,396,10,0.0004661083221435547
897,11,397,5,0.0006120204925537109
898,11,398,5,0.0002617835998535156
899,11,399,5,0.0005350112915039062
900,11,400,4,0.0002460479736328125
901,11,401,3,0.0006959438323974609
902,11,402,8,0.0003790855407714844
903,11,403,4,0.0011107921600341797
904,11,404,6,0.0002999305725097656
905,11,405,3,0.0008041858673095703
906,11,406,7,0.0011858940124511719
907,11,407,6,0.0006330013275146484
908,11,408,8,0.0012149810791015625
909,11,409,6,0.0006940364837646484
910,11,410,3,0.0005941390991210938
911,11,411,6,0.0006501674652099609
912,11,412,9,0.0007641315460205078
913,11,413,4,0.00024890899658203125
914,11,414,2,0.0012888908386230469
915,11,415,2,0.0007529258728027344
916,11,416,4,0.001402139663696289
917,11,417,9,0.0007870197296142578
918,11,418,6,0.0003669261932373047
919,11,419,7,0.0003299713134765625
920,11,420,5,0.0008840560913085938
921,11,421,14,0.00179290771484375
922,11,422,11,0.0006000995635986328
923,11,423,13,0.0005080699920654297
924,11,424,8,0.00043702125549316406
925,11,425,5,0.0009810924530029297
926,11,426,3,0.0005621910095214844
927,11,427,8,0.0005829334259033203
928,11,428,4,0.001216888427734375
929,11,429,6,0.0002779960632324219
930,11,430,3,0.0006780624389648438
931,11,431,2,0.0011470317840576172
932,11,432,6,0.00040793418884277344
933,11,433,4,0.00030517578125
934,11,434,4,0.00041103363037109375
935,11,435,6,0.001383066177368164
936,11,436,7,0.0016880035400390625
937,11,437,6,0.0012359619140625
938,11,438,4,0.0005347728729248047
939,11,439,5,0.0011720657348632812
940,11,440,7,0.000308990478515625
941,11,441,7,0.0019278526306152344
942,11,442,2,0.0006010532379150391
943,11,443,5,0.0004038810729980469
944,11,444,4,0.0004658699035644531
945,11,445,4,0.0003058910369873047
946,11,446,6,0.0007569789886474609
947,11,447,3,0.0002770423889160156
948,11,448,6,0.0004229545593261719
949,11,449,4,0.0009148120880126953
950,11,450,3,0.001035928726196289
951,11,451,3,0.0001881122589111328
952,11,452,4,0.0008459091186523438
953,11,453,3,0.00021004676818847656
954,11,454,5,0.0013930797576904297
955,11,455,3,0.0001888275146484375
956,11,456,5,0.0010221004486083984
957,11,457,3,0.0007951259613037109
958,11,458,5,0.00109100341796875
959,11,459,8,0.0008299350738525391
960,11,460,6,0.0015039443969726562
961,11,461,2,0.0012500286102294922
962,11,462,6,0.0005521774291992188
963,11,463,4,0.0005648136138916016
964,11,464,4,0.0009930133819580078
965,11,465,2,0.0010211467742919922
966,11,466,7,0.0004088878631591797
967,11,467,9,0.0015261173248291016
968,11,468,4,0.000286102294921875
969,11,469,4,0.0012099742889404297
970,11,470,6,0.001898050308227539
971,11,471,8,0.0011060237884521484
972,11,472,8,0.00037097930908203125
973,11,473,9,0.0010569095611572266
974,11,474,5,0.00162506103515625
975,11,475,10,0.0008230209350585938
976,11,476,2,0.0008680820465087891
977,11,477,4,0.0011501312255859375
978,11,478,7,0.0004258155822753906
979,11,479,6,0.0008990764617919922
980,11,480,2,0.00035190582275390625
981,11,481,3,0.0008749961853027344
982,11,482,3,0.0010612010955810547
983,11,483,4,0.0005271434783935547
984,11,484,5,0.0010781288146972656
985,11,485,7,0.00033211708068847656
986,11,486,12,0.0017189979553222656
987,11,487,3,0.0004398822784423828
988,11,488,5,0.0012969970703125
989,11,489,8,0.0008330345153808594
990,11,490,7,0.0003209114074707031
991,11,491,4,0.00023889541625976562
992,11,492,8,0.0005679130554199219
993,11,493,4,0.0013859272003173828
994,11,494,7,0.00032401084899902344
995,11,495,10,0.0005500316619873047
996,11,496,9,0.001232147216796875
997,11,497,9,0.001940011978149414
998,11,498,4,0.0002779960632324219
999,11,499,2,0.0002868175506591797
1000,11,500,4,0.0002560615539550781
1001,12,1,5,0.0010459423065185547
1002,12,2,10,0.0004620552062988281
1003,12,3,7,0.0016407966613769531
1004,12,4,4,0.0005340576171875
1005,12,5,7,0.0009489059448242188
1006,12,6,4,0.0007159709930419922
1007,12,7,5,0.0013828277587890625
1008,12,8,9,0.00047087669372558594
1009,12,9,3,0.0019898414611816406
1010,12,10,3,0.0012590885162353516
1011,12,11,9,0.0009970664978027344
1012,12,12,6,0.0013079643249511719
1013,12,13,5,0.00027489662170410156
1014,12,14,6,0.0011239051818847656
1015,12,15,6,0.0006499290466308594
1016,12,16,10,0.0005578994750976562
1017,12,17,8,0.0005259513854980469
1018,12,18,8,0.0019121170043945312
1019,12,19,2,0.0022318363189697266
1020,12,20,7,0.0020759105682373047
1021,12,21,3,0.0006098747253417969
1022,12,22,6,0.0004930496215820312
1023,12,23,6,0.0016970634460449219
1024,12,24,11,0.0004780292510986328
1025,12,25,4,0.00024080276489257812
1026,12,26,8,0.0008499622344970703
1027,12,27,6,0.0010869503021240234
1028,12,28,6,0.001497030258178711
1029,12,29,4,0.0006070137023925781
1030,12,30,7,0.0018301010131835938
1031,12,31,8,0.0003681182861328125
1032,12,32,4,0.0010061264038085938
1033,12,33,3,0.0010120868682861328
1034,12,34,5,0.0009679794311523438
1035,12,35,6,0.0004851818084716797
1036,12,36,7,0.0011591911315917969
1037,12,37,10,0.0005438327789306641
1038,12,38,9,0.000476837158203125
1039,12,39,6,0.0012288093566894531
1040,12,40,5,0.0006909370422363281
1041,12,41,2,0.00041103363037109375
1042,12,42,4,0.000762939453125
1043,12,43,5,0.00034499168395996094
1044,12,44,4,0.00121307373046875
1045,12,45,6,0.0003669261932373047
1046,12,46,6,0.0017120838165283203
1047,12,47,8,0.0009520053863525391
1048,12,48,8,0.0022139549255371094
1049,12,49,5,0.0006580352783203125
1050,12,50,4,0.0007269382476806641
1051,12,51,6,0.0015311241149902344
1052,12,52,5,0.0008890628814697266
1053,12,53,6,0.0008828639984130859
1054,12,54,7,0.0014388561248779297
1055,12,55,11,0.0015528202056884766
1056,12,56,6,0.0012400150299072266
1057,12,57,6,0.0012750625610351562
1058,12,58,6,0.0007269382476806641
1059,12,59,3,0.000637054443359375
1060,12,60,4,0.0008702278137207031
1061,12,61,3,0.0012600421905517578
1062,12,62,6,0.001628875732421875
1063,12,63,11,0.0032339096069335938
1064,12,64,5,0.0005021095275878906
1065,12,65,6,0.0011301040649414062
1066,12,66,5,0.002621889114379883
1067,12,67,6,0.00031304359436035156
1068,12,68,7,0.0016260147094726562
1069,12,69,6,0.0007159709930419922
1070,12,70,10,0.0012531280517578125
1071,12,71,4,0.001992940902709961
1072,12,72,4,0.00030994415283203125
1073,12,73,7,0.0003771781921386719
1074,12,74,9,0.0005118846893310547
1075,12,75,4,0.00029087066650390625
1076,12,76,6,0.0004169940948486328
1077,12,77,4,0.0013399124145507812
1078,12,78,4,0.0014209747314453125
1079,12,79,4,0.0009810924530029297
1080,12,80,3,0.0002269744873046875
1081,12,81,2,0.002329111099243164
1082,12,82,3,0.001300811767578125
1083,12,83,6,0.0006079673767089844
1084,12,84,7,0.0010728836059570312
1085,12,85,8,0.0027399063110351562
1086,12,86,6,0.001413106918334961
1087,12,87,5,0.0025949478149414062
1088,12,88,9,0.00226593017578125
1089,12,89,10,0.002777099609375
1090,12,90,10,0.0009410381317138672
1091,12,91,5,0.0015540122985839844
1092,12,92,7,0.0011851787567138672
1093,12,93,7,0.0016019344329833984
1094,12,94,6,0.0010869503021240234
1095,12,95,5,0.0017910003662109375
1096,12,96,7,0.0027790069580078125
1097,12,97,3,0.0008270740509033203
1098,12,98,3,0.002241849899291992
1099,12,99,5,0.0008258819580078125
1100,12,100,8,0.001971006393432617
1101,12,101,9,0.0004379749298095703
1102,12,102,10,0.0005049705505371094
1103,12,103,8,0.0005171298980712891
1104,12,104,3,0.00031185150146484375
1105,12,105,5,0.0002961158752441406
1106,12,106,6,0.0026700496673583984
1107,12,107,3,0.00026988983154296875
1108,12,108,7,0.0012538433074951172
1109,12,109,9,0.002343893051147461
1110,12,110,5,0.0006511211395263672
1111,12,111,7,0.0011980533599853516
1112,12,112,3,0.0002918243408203125
1113,12,113,9,0.0006830692291259766
1114,12,114,2,0.002393007278442383
1115,12,115,11,0.0008878707885742188
1116,12,116,5,0.001001119613647461
1117,12,117,2,0.002228975296020508
1118,12,118,8,0.0004220008850097656
1119,12,119,3,0.0011570453643798828
1120,12,120,5,0.0004119873046875
1121,12,121,6,0.0016751289367675781
1122,12,122,7,0.0004868507385253906
1123,12,123,5,0.0007269382476806641
1124,12,124,5,0.0004520416259765625
1125,12,125,3,0.0014028549194335938
1126,12,126,4,0.0008690357208251953
1127,12,127,6,0.002846956253051758
1128,12,128,6,0.0022590160369873047
1129,12,129,2,0.0002410411834716797
1130,12,130,9,0.002031087875366211
1131,12,131,5,0.0006279945373535156
1132,12,132,2,0.0004668235778808594
1133,12,133,5,0.0014719963073730469
1134,12,134,4,0.0019431114196777344
1135,12,135,3,0.0002751350402832031
1136,12,136,4,0.00023508071899414062
1137,12,137,8,0.0008389949798583984
1138,12,138,3,0.0009751319885253906
1139,12,139,4,0.0005400180816650391
1140,12,140,5,0.0004241466522216797
1141,12,141,4,0.0009419918060302734
1142,12,142,3,0.0006029605865478516
1143,12,143,5,0.0007660388946533203
1144,12,144,3,0.00022602081298828125
1145,12,145,12,0.0013580322265625
1146,12,146,9,0.0014469623565673828
1147,12,147,8,0.0020029544830322266
1148,12,148,5,0.0023009777069091797
1149,12,149,11,0.0006711483001708984
1150,12,150,4,0.0016489028930664062
1151,12,151,11,0.0005040168762207031
1152,12,152,6,0.0003249645233154297
1153,12,153,6,0.0006220340728759766
1154,12,154,7,0.0010020732879638672
1155,12,155,6,0.0010039806365966797
1156,12,156,5,0.0005671977996826172
1157,12,157,5,0.002622842788696289
1158,12,158,6,0.0009648799896240234
1159,12,159,8,0.0005879402160644531
1160,12,160,3,0.0012509822845458984
1161,12,161,5,0.0006401538848876953
1162,12,162,8,0.0012078285217285156
1163,12,163,6,0.0015439987182617188
1164,12,164,2,0.0011339187622070312
1165,12,165,6,0.0022420883178710938
1166,12,166,4,0.0006620883941650391
1167,12,167,8,0.0023469924926757812
1168,12,168,8,0.001007080078125
1169,12,169,3,0.0006098747253417969
1170,12,170,2,0.0009751319885253906
1171,12,171,8,0.0019099712371826172
1172,12,172,4,0.0005600452423095703
1173,12,173,7,0.0018668174743652344
1174,12,174,3,0.0005199909210205078
1175,12,175,11,0.0007221698760986328
1176,12,176,6,0.0010561943054199219
1177,12,177,6,0.0005459785461425781
1178,12,178,7,0.0013120174407958984
1179,12,179,10,0.0005509853363037109
1180,12,180,9,0.0004410743713378906
1181,12,181,5,0.0010881423950195312
1182,12,182,9,0.0012259483337402344
1183,12,183,5,0.0012590885162353516
1184,12,184,12,0.0006229877471923828
1185,12,185,4,0.0011091232299804688
1186,12,186,10,0.0007219314575195312
1187,12,187,5,0.0025899410247802734
1188,12,188,8,0.0003540515899658203
1189,12,189,8,0.0024330615997314453
1190,12,190,5,0.0004019737243652344
1191,12,191,9,0.0004401206970214844
1192,12,192,3,0.0017249584197998047
1193,12,193,7,0.00045299530029296875
1194,12,194,8,0.0007288455963134766
1195,12,195,6,0.00032806396484375
1196,12,196,7,0.0013949871063232422
1197,12,197,3,0.0005228519439697266
1198,12,198,4,0.001132965087890625
1199,12,199,3,0.0002598762512207031
1200,12,200,2,0.0018239021301269531
1201,12,201,6,0.0025780200958251953
1202,12,202,12,0.0020720958709716797
1203,12,203,11,0.0006461143493652344
1204,12,204,7,0.0008091926574707031
1205,12,205,3,0.0007519721984863281
1206,12,206,6,0.0016350746154785156
1207,12,207,6,0.0015311241149902344
1208,12,208,14,0.0006520748138427734
1209,12,209,8,0.0012559890747070312
1210,12,210,3,0.002134084701538086
1211,12,211,7,0.0014879703521728516
1212,12,212,12,0.0007901191711425781
1213,12,213,6,0.0004801750183105469
1214,12,214,9,0.0005168914794921875
1215,12,215,2,0.0008590221405029297
1216,12,216,10,0.0009469985961914062
1217,12,217,6,0.0020210742950439453
1218,12,218,5,0.0037338733673095703
1219,12,219,4,0.0005590915679931641
1220,12,220,5,0.0004000663757324219
1221,12,221,7,0.0010068416595458984
1222,12,222,6,0.00040793418884277344
1223,12,223,2,0.0012211799621582031
1224,12,224,6,0.002009868621826172
1225,12,225,4,0.0003809928894042969
1226,12,226,4,0.0007221698760986328
1227,12,227,4,0.000598907470703125
1228,12,228,7,0.001325845718383789
1229,12,229,10,0.0005059242248535156
1230,12,230,10,0.0017881393432617188
1231,12,231,7,0.0006170272827148438
1232,12,232,6,0.0006709098815917969
1233,12,233,2,0.00021910667419433594
1234,12,234,4,0.0002498626708984375
1235,12,235,7,0.000637054443359375
1236,12,236,8,0.0015850067138671875
1237,12,237,9,0.0017321109771728516
1238,12,238,3,0.000308990478515625
1239,12,239,6,0.0008490085601806641
1240,12,240,8,0.0010890960693359375
1241,12,241,12,0.0005941390991210938
1242,12,242,5,0.0013720989227294922
1243,12,243,5,0.0011088848114013672
1244,12,244,4,0.001043081283569336
1245,12,245,2,0.00030422210693359375
1246,12,246,9,0.002774953842163086
1247,12,247,5,0.0006198883056640625
1248,12,248,8,0.0016560554504394531
1249,12,249,6,0.0011758804321289062
1250,12,250,5,0.0009331703186035156
1251,12,251,3,0.0003750324249267578
1252,12,252,9,0.0028018951416015625
1253,12,253,4,0.0004858970642089844
1254,12,254,9,0.0019519329071044922
1255,12,255,5,0.0013048648834228516
1256,12,256,9,0.0005609989166259766
1257,12,257,7,0.0005497932434082031
1258,12,258,7,0.0008308887481689453
1259,12,259,8,0.0004928112030029297
1260,12,260,6,0.0014657974243164062
1261,12,261,10,0.0007321834564208984
1262,12,262,12,0.0019562244415283203
1263,12,263,3,0.0007479190826416016
1264,12,264,5,0.0026061534881591797
1265,12,265,3,0.0012481212615966797
1266,12,266,6,0.0005769729614257812
1267,12,267,3,0.0002410411834716797
1268,12,268,8,0.0005640983581542969
1269,12,269,6,0.0010209083557128906
1270,12,270,9,0.0007958412170410156
1271,12,271,3,0.0005881786346435547
1272,12,272,4,0.00022792816162109375
1273,12,273,9,0.0007369518280029297
1274,12,274,5,0.0011401176452636719
1275,12,275,9,0.0007669925689697266
1276,12,276,3,0.0012078285217285156
1277,12,277,7,0.0003829002380371094
1278,12,278,4,0.0002570152282714844
1279,12,279,6,0.0011458396911621094
1280,12,280,7,0.0012581348419189453
1281,12,281,6,0.002666950225830078
1282,12,282,9,0.0005350112915039062
1283,12,283,5,0.00092315673828125
1284,12,284,4,0.0011858940124511719
1285,12,285,5,0.0027129650115966797
1286,12,286,7,0.001981019973754883
1287,12,287,6,0.0012230873107910156
1288,12,288,7,0.001600027084350586
1289,12,289,4,0.0017011165618896484
1290,12,290,7,0.0016469955444335938
1291,12,291,9,0.0012538433074951172
1292,12,292,7,0.0013709068298339844
1293,12,293,8,0.0009341239929199219
1294,12,294,8,0.00048613548278808594
1295,12,295,6,0.0005819797515869141
1296,12,296,3,0.001087188720703125
1297,12,297,7,0.0007650852203369141
1298,12,298,5,0.00034809112548828125
1299,12,299,5,0.0015621185302734375
1300,12,300,2,0.0003609657287597656
1301,12,301,7,0.002165079116821289
1302,12,302,5,0.0005228519439697266
1303,12,303,4,0.0006999969482421875
1304,12,304,6,0.0012919902801513672
1305,12,305,7,0.0010480880737304688
1306,12,306,3,0.00031304359436035156
1307,12,307,6,0.001374959945678711
1308,12,308,13,0.003387928009033203
1309,12,309,2,0.0014400482177734375
1310,12,310,6,0.002490997314453125
1311,12,311,2,0.0005631446838378906
1312,12,312,2,0.00040602684020996094
1313,12,313,4,0.00043702125549316406
1314,12,314,4,0.0005440711975097656
1315,12,315,4,0.0011749267578125
1316,12,316,3,0.0003170967102050781
1317,12,317,7,0.0006380081176757812
1318,12,318,4,0.0009248256683349609
1319,12,319,7,0.0023310184478759766
1320,12,320,3,0.0004990100860595703
1321,12,321,8,0.0009009838104248047
1322,12,322,6,0.0011610984802246094
1323,12,323,4,0.0013208389282226562
1324,12,324,9,0.0004940032958984375
1325,12,325,4,0.00030994415283203125
1326,12,326,8,0.0006430149078369141
1327,12,327,7,0.0009429454803466797
1328,12,328,5,0.0004019737243652344
1329,12,329,8,0.0004630088806152344
1330,12,330,9,0.001592874526977539
1331,12,331,9,0.0011279582977294922
1332,12,332,8,0.0016779899597167969
1333,12,333,5,0.001207113265991211
1334,12,334,2,0.0001780986785888672
1335,12,335,7,0.0006670951843261719
1336,12,336,6,0.0014009475708007812
1337,12,337,3,0.0019009113311767578
1338,12,338,3,0.0021588802337646484
1339,12,339,3,0.0008969306945800781
1340,12,340,2,0.0004520416259765625
1341,12,341,2,0.0007388591766357422
1342,12,342,8,0.0007719993591308594
1343,12,343,14,0.0010981559753417969
1344,12,344,3,0.000782012939453125
1345,12,345,9,0.00044989585876464844
1346,12,346,8,0.0015671253204345703
1347,12,347,2,0.00115203857421875
1348,12,348,7,0.0028009414672851562
1349,12,349,8,0.0011959075927734375
1350,12,350,3,0.0011610984802246094
1351,12,351,2,0.0007700920104980469
1352,12,352,4,0.0018019676208496094
1353,12,353,6,0.0022161006927490234
1354,12,354,6,0.0007998943328857422
1355,12,355,4,0.0007200241088867188
1356,12,356,5,0.0002989768981933594
1357,12,357,2,0.0022258758544921875
1358,12,358,4,0.0012819766998291016
1359,12,359,2,0.0007560253143310547
1360,12,360,6,0.0005109310150146484
1361,12,361,7,0.0018961429595947266
1362,12,362,8,0.0004458427429199219
1363,12,363,3,0.0010809898376464844
1364,12,364,7,0.0008540153503417969
1365,12,365,9,0.000743865966796875
1366,12,366,6,0.0008409023284912109
1367,12,367,4,0.0003750324249267578
1368,12,368,5,0.0011920928955078125
1369,12,369,4,0.0023348331451416016
1370,12,370,5,0.0006558895111083984
1371,12,371,6,0.0003190040588378906
1372,12,372,6,0.0006918907165527344
1373,12,373,4,0.00048089027404785156
1374,12,374,4,0.0013110637664794922
1375,12,375,6,0.0003662109375
1376,12,376,2,0.00019693374633789062
1377,12,377,2,0.0004279613494873047
1378,12,378,9,0.00203704833984375
1379,12,379,4,0.0026769638061523438
1380,12,380,14,0.002379179000854492
1381,12,381,8,0.0005919933319091797
1382,12,382,10,0.0006020069122314453
1383,12,383,3,0.0004050731658935547
1384,12,384,4,0.002377033233642578
1385,12,385,3,0.001580953598022461
1386,12,386,8,0.0020089149475097656
1387,12,387,4,0.0006678104400634766
1388,12,388,7,0.0005409717559814453
1389,12,389,7,0.001744985580444336
1390,12,390,8,0.000453948974609375
1391,12,391,11,0.0022859573364257812
1392,12,392,7,0.00039005279541015625
1393,12,393,7,0.0006730556488037109
1394,12,394,9,0.0006749629974365234
1395,12,395,5,0.0009250640869140625
1396,12,396,10,0.001672983169555664
1397,12,397,5,0.0005741119384765625
1398,12,398,10,0.0023632049560546875
1399,12,399,10,0.0038459300994873047
1400,12,400,5,0.0012199878692626953
1401,12,401,6,0.0010828971862792969
1402,12,402,3,0.0013070106506347656
1403,12,403,3,0.0007340908050537109
1404,12,404,3,0.0010750293731689453
1405,12,405,4,0.0014300346374511719
1406,12,406,8,0.0006930828094482422
1407,12,407,7,0.0018668174743652344
1408,12,408,9,0.0007011890411376953
1409,12,409,3,0.00021696090698242188
1410,12,410,10,0.0013930797576904297
1411,12,411,3,0.0019779205322265625
1412,12,412,3,0.0011830329895019531
1413,12,413,8,0.0007178783416748047
1414,12,414,6,0.0012311935424804688
1415,12,415,6,0.0015099048614501953
1416,12,416,12,0.0007719993591308594
1417,12,417,7,0.00042891502380371094
1418,12,418,3,0.00043201446533203125
1419,12,419,9,0.0018210411071777344
1420,12,420,5,0.00032401084899902344
1421,12,421,6,0.00080108642578125
1422,12,422,2,0.0006940364837646484
1423,12,423,5,0.0007109642028808594
1424,12,424,6,0.0003209114074707031
1425,12,425,9,0.0004718303680419922
1426,12,426,6,0.0003440380096435547
1427,12,427,5,0.0013360977172851562
1428,12,428,10,0.0013988018035888672
1429,12,429,4,0.0010139942169189453
1430,12,430,9,0.0015430450439453125
1431,12,431,5,0.0008988380432128906
1432,12,432,4,0.0005509853363037109
1433,12,433,5,0.0005991458892822266
1434,12,434,7,0.002434968948364258
1435,12,435,7,0.0017240047454833984
1436,12,436,4,0.0002548694610595703
1437,12,437,9,0.0007789134979248047
1438,12,438,4,0.0008120536804199219
1439,12,439,8,0.0015761852264404297
1440,12,440,7,0.0010411739349365234
1441,12,441,2,0.0006558895111083984
1442,12,442,5,0.0011839866638183594
1443,12,443,4,0.0002560615539550781
1444,12,444,3,0.0019271373748779297
1445,12,445,6,0.0007531642913818359
1446,12,446,6,0.0015151500701904297
1447,12,447,2,0.0011799335479736328
1448,12,448,10,0.0005841255187988281
1449,12,449,3,0.0005431175231933594
1450,12,450,5,0.0008580684661865234
1451,12,451,5,0.0005619525909423828
1452,12,452,8,0.0012760162353515625
1453,12,453,5,0.00047087669372558594
1454,12,454,7,0.0009500980377197266
1455,12,455,9,0.00327301025390625
1456,12,456,6,0.002132892608642578
1457,12,457,5,0.0003218650817871094
1458,12,458,7,0.0018999576568603516
1459,12,459,7,0.0010080337524414062
1460,12,460,3,0.00023698806762695312
1461,12,461,11,0.0017199516296386719
1462,12,462,7,0.0004620552062988281
1463,12,463,4,0.0006330013275146484
1464,12,464,7,0.0024509429931640625
1465,12,465,3,0.0021080970764160156
1466,12,466,6,0.0008370876312255859
1467,12,467,5,0.0009140968322753906
1468,12,468,4,0.0005831718444824219
1469,12,469,8,0.0016548633575439453
1470,12,470,4,0.0008699893951416016
1471,12,471,5,0.0003459453582763672
1472,12,472,11,0.0054929256439208984
1473,12,473,7,0.0018069744110107422
1474,12,474,10,0.0006449222564697266
1475,12,475,12,0.002927064895629883
1476,12,476,4,0.0010499954223632812
1477,12,477,7,0.0012679100036621094
1478,12,478,4,0.0006649494171142578
1479,12,479,8,0.002638101577758789
1480,12,480,4,0.0006070137023925781
1481,12,481,4,0.0003840923309326172
1482,12,482,10,0.0016720294952392578
1483,12,483,7,0.0010869503021240234
1484,12,484,6,0.0003008842468261719
1485,12,485,3,0.0006809234619140625
1486,12,486,10,0.0019729137420654297
1487,12,487,10,0.0005409717559814453
1488,12,488,2,0.00024580955505371094
1489,12,489,9,0.0017881393432617188
1490,12,490,11,0.0009741783142089844
1491,12,491,9,0.0012249946594238281
1492,12,492,7,0.0021209716796875
1493,12,493,5,0.00028896331787109375
1494,12,494,6,0.0008189678192138672
1495,12,495,9,0.0014331340789794922
1496,12,496,10,0.00045609474182128906
1497,12,497,9,0.0007350444793701172
1498,12,498,7,0.001990079879760742
1499,12,499,6,0.0017409324645996094
1500,12,500,8,0.001895904541015625
